Modelo;802.1q tags per device;802.1q tags per physical interface;ARP table size per device;Active and unique groups used in policy*;Address groups;Address objects;App override rules;App-ID firewall throughput;Base virtual systems;Bidirectional Forwarding Detection (BFD) Sessions;Captive portal rules;Clear text nodes per physical interface;Connections per second;Custom App-ID signatures;Custom App-IDs (virtual system specific);DHCP relays*;DHCP servers;DSCP marking by policy;Dataplane cache size for URL filtering;Decryption rules;Default DIPP pool oversubscription*;Devices supported;DoS protection rules;End-of-sale;FQDN address objects;HSM Supported;IP-User mappings (data plane);IP-User mappings (management plane);IPSec VPN throughput;IPv4 forwarding table size*;IPv6 forwarding table size*;IPv6 neighbor table size;MAC table size per device;Management plane dynamic cache size;Max ARP entries per broadcast domain;Max DAG IP addresses*;Max IKE Peers;Max MAC entries per broadcast domain;Max NAT rules (DIP)*;Max NAT rules (DIPP);Max NAT rules (static)*;Max SSL inbound certificates;Max SSL tunnels;Max concurrent decryption sessions;Max custom categories (virtual system specific);Max custom categories;Max interfaces (logical and physical);Max number of DNS Domains per system;Max number of IPs per system;Max number of URL per system;Max number of assigned addresses;Max number of custom lists;Max route maps per virtual router;Max routing peers (protocol dependent);Max security zones;Max sessions (IPv4 or IPv6);Max translated IPs (DIP);Max translated IPs (DIPP)*;Max tunnels (SSL, IPSec, and IKE with XAUTH);Max virtual addresses;Max virtual systems*;Maximum SD-WAN virtual interfaces;Maximum aggregate interfaces;Members per address group;Members per service group;Mgmt - ', '0Gbps high availability;Mgmt - 10/100/1000 high availability;Mgmt - 10Gbps high availability;Mgmt - 40Gbps high availability;Mgmt - out-of-band;Monitored servers for User-ID;NAT rules;Number of QoS policies;Number of User-ID agents;Physical interfaces supporting QoS;Policy based forwarding rules;Replication (egress interfaces);Routes;SD-WAN IPSec tunnels;SD-WAN rules;SSL Decryption Broker;SSL Port Mirror;SSL certificate cache (forward proxy);Security profiles;Security rule schedules;Security rules;Service groups;Service objects;Shared custom App-IDs;Shortest check interval (min);Site to site (with proxy id);Static entries - DNS proxy;Subinterfaces supported;System total forwarding table size;Tags per IP address;Tags per User*;Terminal server agents;Threat prevention throughput;Total NAT rule capacity;Total entries for allow list, block list and custom categories;Traffic - ', '0/100Gbps QSFP+/QSFP28;Traffic - 10/100/1000;Traffic - 100/1000/10000;Traffic - 10Gbps SFP+;Traffic - 1Gbps SFP;Traffic - 25Gbps SFP28;Traffic - 4', '/1', 'Gbps QSFP+/QSFP28;Traffic - 40/100Gbps QSFP+/QSFP', '8;Traffic - 40/100Gbps QSFP+/QSFP28;Tunnel content inspection rules;Virtual routers;Virtual wires
PA-1410;4.094;4.094;3.000;1.000;2.000;20.000;750;6800000000.0;1;512;750;31;100.000;6.000;6.416;500;5;Yes;200.000;750;2;2;750;0;2.048;Yes;128.000;512.000;4600000000.0;10.000;5.000;3.000;3.000;600.000;3.000;150.000;2.800;3.000;2.000;1.500;3.000;125;200;51.200;500;2.849;1.024;100.000;50.000;100.000;64.000;30;50;1.000;50;945.000;128.000;1.500;1.500;48;6;1.000;10;2.500;1.500;1;2;;0;10/100/1000. RJ45/Micro USB console;100;3.000;2.000;100;12;750;500;2.000;1.000;400;Yes;Yes;2.000;150;256;1.500;1.500;3.000;512;5;2.800;1.024;500;10.000;64;32;1.000;3200000000.0;3.000;25.000;;12;0;4;6;0;;;0;750;10;1.024
PA-1420;4.094;4.094;6.000;1.000;2.000;20.000;750;9500000000.0;1;512;750;31;150.000;6.000;6.416;500;5;Yes;200.000;750;2;2;750;0;2.048;Yes;128.000;512.000;6900000000.0;10.000;10.000;6.000;6.000;600.000;6.000;150.000;2.800;6.000;2.000;1.500;3.000;125;200;100.000;500;2.849;1.024;100.000;50.000;100.000;64.000;30;50;1.000;50;1.400.000;128.000;1.500;1.500;48;6;1.000;10;2.500;1.500;1;2;;0;10/100/1000. RJ45/Micro USB console;100;3.000;2.000;100;12;750;500;2.000;1.000;400;Yes;Yes;2.000;150;256;1.500;1.500;3.000;512;5;2.800;1.024;500;20.000;64;32;1.000;5000000000.0;3.000;25.000;;12;0;8;2;0;;;0;750;10;1.024
PA-220;4.094;4.094;1.500;1.000;250;2.500;100;535000000.0;1;0;500;31;4.200;6.000;6.416;500;3;Yes;90.000;100;2;2;100;0;2.000;No;128.000;512.000;550000000.0;10.000;2.500;1.500;1.500;100.000;1.500;1.000;1.000;1.500;400;200;400;25;20;6.400;500;2.849;1.024;50.000;50.000;50.000;64.000;30;50;500;15;64.000;16.000;200;250;32;0;300;4;2.500;500;;0;0;undefined;10/100/1000. RJ45/Micro USB console;100;400;100;100;8;100;100;500;1.000;100;No;Yes;128;75;256;500;250;1.000;512;5;1.000;1.024;System Limit;10.000;64;32;400;320000000.0;400;25.000;;8;0;0;0;0;;;0;100;3;256
PA-220R;4.094;4.094;1.500;1.000;250;2.500;100;535000000.0;1;0;500;31;4.200;6.000;6.416;500;3;Yes;90.000;100;2;2;100;0;2.000;No;128.000;512.000;550000000.0;10.000;2.500;1.500;1.500;100.000;1.500;1.000;1.000;1.500;400;200;400;25;20;6.400;500;2.849;1.024;50.000;50.000;50.000;64.000;30;50;500;15;64.000;16.000;200;250;32;0;300;4;2.500;500;;0;0;undefined;10/100/1000. RJ45/Micro USB console;100;400;100;100;8;100;100;500;1.000;100;No;Yes;128;75;256;500;250;1.000;512;5;1.000;1.024;System Limit;10.000;64;32;400;320000000.0;400;25.000;;6;0;0;2;0;;;0;100;3;256
PA-3220;4.094;4.094;16.000;10.000;15.000;30.000;1.500;4200000000.0;1;512;2.000;31;46.000;6.000;6.416;500;10;Yes;250.000;1.500;4;6;2.000;0;2.048;Yes;128.000;512.000;2400000000.0;16.000;12.000;16.000;16.000;600.000;16.000;200.000;2.000;16.000;2.000;2.000;3.000;150;200;100.000;500;2.849;4.096;1.000.000;150.000;100.000;64.000;30;50;1.000;200;1.000.000;128.000;2.000;1.024;64;6;1.000;16;2.500;2.500;1;2;;0;10/100/1000. RJ45/Micro USB console;100;3.000;2.000;100;12;1.000;1.000;4.000;2.000;300;Yes;Yes;4.000;150;256;10.000;2.000;4.000;512;5;4.000;1.024;500;28.000;64;32;2.000;2300000000.0;3.000;25.000;;12;0;0/4;0/8;0;;;0;1.000;10;2.048
PA-3250;4.094;4.094;72.000;10.000;15.000;30.000;1.500;5000000000.0;1;512;2.000;31;58.000;6.000;6.416;500;10;Yes;250.000;1.500;4;6;2.000;0;2.048;Yes;128.000;512.000;2600000000.0;44.000;44.000;72.000;72.000;600.000;72.000;200.000;3.000;72.000;4.000;4.000;6.000;300;400;200.000;500;2.849;4.096;1.000.000;150.000;100.000;64.000;30;50;1.000;200;2.000.000;128.000;4.000;2.048;64;6;1.000;16;2.500;2.500;1;2;;0;10/100/1000. RJ45/Micro USB console;100;6.000;2.000;100;12;1.000;1.000;4.000;3.000;300;Yes;Yes;8.000;375;256;10.000;2.000;4.000;512;5;6.000;1.024;2.048;88.000;64;32;2.000;2700000000.0;6.000;25.000;;12;0;0/8;0/8;0;0;;;1.000;10;2.048
PA-3260;4.094;4.094;72.000;10.000;15.000;30.000;1.500;7800000000.0;1;512;2.000;31;84.000;6.000;6.416;500;10;Yes;250.000;1.500;4;6;2.000;0;2.048;Yes;128.000;512.000;4400000000.0;44.000;44.000;72.000;72.000;600.000;72.000;200.000;3.000;72.000;4.000;4.000;6.000;500;400;300.000;500;2.849;4.096;1.000.000;150.000;100.000;64.000;30;50;1.000;200;2.200.000;128.000;4.000;2.048;64;6;1.000;16;2.500;2.500;1;2;;0;10/100/1000. RJ45/Micro USB console;100;6.000;2.000;100;12;1.000;1.000;4.000;3.000;300;Yes;Yes;12.000;375;256;10.000;2.000;4.000;512;5;6.000;1.024;2.048;88.000;64;32;2.000;4300000000.0;6.000;25.000;;12;0;0/8;0/8;0;;;4x40;1.000;10;2.048
PA-3410;4.094;4.094;12.000;1.000;15.000;30.000;750;11000000000.0;1;512;750;31;145.000;6.000;6.416;500;5;Yes;250.000;750;2;6;750;undefined;2.048;Yes;128.000;512.000;6800000000.0;10.000;10.000;12.000;12.000;600.000;12.000;150.000;3.000;12.000;2.000;1.800;3.000;125;200;140.000;500;2.849;3.600;1M;50.000;100.000;64.000;30;50;1.000;40;1.400.000;128.000;1.800;1.800;128;11;1.200;8;2.500;1.500;1;0;;0;10/100/1000. RJ45 console;100;3.000;1.000;100;12;750;500;2.000;1.200;750;Yes;Yes;10.240;150;256;10.000;1.500;3.000;512;5;5.000;1.024;500;20.000;64;64;1.000;5600000000.0;3.000;25.000;;undefined;12;0/10;0/10;4;;;undefined;400;11;2.048
PA-3420;4.094;4.094;12.000;1.000;15.000;30.000;750;16899999999.999998;1;512;750;31;205.000;6.000;6.416;500;5;Yes;250.000;750;2;6;750;undefined;2.048;Yes;128.000;512.000;9900000000.0;16.000;16.000;12.000;12.000;600.000;12.000;150.000;3.000;12.000;2.000;1.800;3.000;125;200;200.000;500;2.849;3.600;1M;50.000;100.000;64.000;30;50;1.000;40;2.000.000;128.000;1.800;1.800;128;11;1.200;8;2.500;1.500;1;0;;0;10/100/1000. RJ45 console;100;3.000;1.000;100;12;750;500;2.000;1.200;750;Yes;Yes;10.240;150;256;10.000;1.500;3.000;512;5;5.000;1.024;500;32.000;64;64;1.000;8700000000.0;3.000;25.000;;undefined;12;0/10;0/10;4;;;undefined;400;11;2.048
PA-3430;4.094;4.094;16.000;1.000;15.000;30.000;1.500;20500000000.0;1;512;1.500;31;240.000;6.000;6.416;500;10;Yes;200.000;1.500;4;6;1.500;undefined;2.048;Yes;128.000;512.000;12200000000.0;24.000;24.000;16.000;16.000;600.000;16.000;200.000;4.000;16.000;2.000;2.000;3.000;150;200;250.000;500;2.849;4.500;1M;50.000;100.000;64.000;30;50;1.000;100;2.500.000;128.000;2.000;2.000;128;11;1.500;8;2.500;2.500;1;0;;0;10/100/1000. RJ45 console;100;3.000;2.000;100;12;1.500;1.000;4.000;1.500;1.500;Yes;Yes;13.312;150;256;10.000;2.000;4.000;512;5;8.000;1.024;500;48.000;64;64;2.000;10500000000.0;3.000;25.000;;undefined;12;0/10;0/10;4;;2;;500;11;2.048
PA-3440;4.094;4.094;16.000;1.000;15.000;30.000;1.500;24000000000.0;1;512;1.500;31;268.000;6.000;6.416;500;10;Yes;200.000;1.500;4;6;1.500;undefined;2.048;Yes;128.000;512.000;14500000000.0;24.000;24.000;16.000;16.000;600.000;16.000;200.000;4.000;16.000;2.000;2.000;3.000;150;200;300.000;500;2.849;4.500;1M;50.000;100.000;64.000;30;50;1.000;200;3.000.000;128.000;2.000;2.000;128;11;1.500;8;2.500;2.500;1;0;;0;10/100/1000. RJ45 console;100;3.000;2.000;100;12;1.500;1.000;4.000;1.500;1.500;Yes;Yes;15.360;150;256;10.000;2.000;4.000;512;5;8.000;1.024;500;48.000;64;64;2.000;12800000000.0;3.000;25.000;;undefined;12;0/10;0/10;4;;2;;500;11;2.048
PA-410;4.094;4.094;1.500;1.000;125;2.500;100;1100000000.0;1;Yes;10;31;12.000;6.000;6.416;500;3;Yes;TBD;100;2;2;100;0;2.000;No;128.000;512.000;920000000.0;5.000;2.500;1.500;1.500;TBD;1.500;1.000;1.000;1.500;400;200;400;25;20;6.600;500;2.849;1.024;50.000;50.000;50.000;64.000;30;undefined;500;25;64.000;16.000;200;250;32;0;300;3;2.500;500;;0;0;0;10/100/1000. RJ45/Micro USB console;100;400;1.000;100;8;100;100;500;1.000;100;No;Yes;TBD;75;256;500;250;1.000;512;5;1.000;1.024;System Limit;5.000;64;64;400;680000000.0;400;25.000;;7;0;0;0;0;;;0;100;3;512
PA-415;4.094;4.094;1.500;1.000;125;2.500;100;1200000000.0;1;Yes;10;31;12.000;6.000;6.416;500;3;Yes;TBD;100;2;2;100;0;2.000;No;128.000;512.000;920000000.0;5.000;2.500;1.500;1.500;TBD;1.500;1.000;1.000;1.500;400;200;400;25;20;6.600;500;2.849;1.024;50.000;50.000;50.000;64.000;30;undefined;500;25;64.000;16.000;200;250;32;0;300;3;2.500;500;;0;0;0;10/100/1000. RJ45/Micro USB console;100;400;1.000;100;8;100;100;500;1.000;100;No;Yes;TBD;75;256;500;250;1.000;512;5;1.000;1.024;System Limit;5.000;64;64;400;690000000.0;400;25.000;;7;0;0;0;0;;;0;100;3;512
PA-440;4.094;4.094;3.000;1.000;250;10.000;300;2200000000.0;1;Yes;300;31;37.500;6.000;6.416;500;5;Yes;150.000;300;2;2;300;0;2.000;No;128.000;512.000;1600000000.0;5.000;5.000;3.000;3.000;600.000;3.000;50.000;2.800;3.000;2.000;1.000;3.000;75;100;25.600;500;2.849;3.000;1.000.000;50.000;100.000;64.000;30;undefined;1.000;50;200.000;128.000;1.000;1.000;48;0;840;4;2.500;500;;0;0;0;10/100/1000. RJ45/Micro USB console;100;3.000;1.000;100;8;300;200;1.000;2.800;250;No;Yes;1.000;100;256;2.000;500;1.500;512;5;2.800;1.024;System Limit;5.000;64;64;800;1000000000.0;3.000;25.000;;8;0;0;0;0;;;0;300;3;512
PA-445;4.094;4.094;3.000;1.000;250;10.000;300;2200000000.0;1;Yes;300;31;37.500;6.000;6.416;500;5;Yes;150.000;300;2;2;300;0;2.000;No;128.000;512.000;1600000000.0;5.000;5.000;3.000;3.000;600.000;3.000;50.000;2.800;3.000;2.000;1.000;3.000;75;100;25.600;500;2.849;3.000;1.000.000;50.000;100.000;64.000;30;undefined;1.000;50;200.000;128.000;1.000;1.000;48;0;840;4;2.500;500;;0;0;0;10/100/1000. RJ45/Micro USB console;100;3.000;1.000;100;8;300;200;1.000;2.800;250;No;Yes;1.000;100;256;2.000;500;1.500;512;5;2.800;1.024;System Limit;5.000;64;64;800;1000000000.0;3.000;25.000;;8;0;0;0;0;;;0;300;3;512
PA-450;4.094;4.094;6.000;1.000;500;15.000;500;2900000000.0;1;Yes;500;31;51.000;6.000;6.416;500;5;Yes;150.000;500;2;2;500;0;2.000;No;128.000;512.000;2200000000.0;7.500;7.500;6.000;6.000;600.000;6.000;100.000;2.800;6.000;2.000;1.500;3.000;100;200;38.400;500;2.849;3.000;1.000.000;50.000;100.000;64.000;30;undefined;1.000;75;300.000;128.000;1.500;1.500;48;0;840;4;2.500;1.000;;0;0;0;10/100/1000. RJ45/Micro USB console;100;3.000;2.000;100;8;500;300;1.500;2.800;250;No;Yes;2.000;150;256;2.500;1.000;2.000;512;5;2.800;1.024;System Limit;7.500;64;64;1.000;1600000000.0;3.000;25.000;;8;0;0;0;0;;;0;500;5;1.024
PA-460;4.094;4.094;6.000;1.000;500;15.000;500;4400000000.0;1;Yes;500;31;73.000;6.000;6.416;500;5;Yes;150.000;500;2;2;500;0;2.000;No;128.000;512.000;3000000000.0;10.000;10.000;6.000;6.000;600.000;6.000;100.000;2.800;6.000;2.000;1.500;3.000;100;200;51.000;500;2.849;3.000;1.000.000;50.000;100.000;64.000;30;undefined;1.000;100;400.000;128.000;1.500;1.500;48;0;840;4;2.500;1.000;;0;0;0;10/100/1000. RJ45/Micro USB console;100;3.000;2.000;100;8;500;300;1.500;2.800;250;No;Yes;2.000;150;256;2.500;1.000;2.000;512;5;2.800;1.024;System Limit;10.000;64;64;1.000;2400000000.0;3.000;25.000;;8;0;0;0;0;;;0;500;5;1.024
PA-5220;4.094;4.094;128.000;10.000;40.000;80.000;3.500;15600000000.0;10;1.024;8.000;63;150.000;6.000;6.416;2.048;20;Yes;250.000;3.500;8;16;2.000;0;6.144;Yes;512.000;512.000;9500000000.0;100.000;100.000;128.000;128.000;600.000;128.000;500.000;3.000;128.000;4.000;4.000;6.000;600;2.500;400.000;500;2.849;4.096;4.000.000;150.000;250.000;64.000;30;50;1.000;4.000;4.000.000;64.000;4.000;15.000;4.096;20;1.500;16;2.500;2.500;;0;0;1;10/100/1000. RJ45 console;100;6.000;4.000;100;12;2.000;1.000;4.000;3.000;300;Yes;Yes;16.000;750;256;30.000;4.000;8.000;512;5;10.000;1.024;2.048;200.000;64;32;2.500;8800000000.0;6.000;100.000;;0;4;0/16;0/16;0;;;4X40;2.500;20;2.048
PA-5250;4.094;4.094;128.000;10.000;80.000;160.000;4.000;36700000000.0;25;1.024;8.000;63;368.000;6.000;6.416;4.096;125;Yes;250.000;5.000;8;16;2.000;0;6.144;Yes;512.000;512.000;18400000000.0;100.000;100.000;128.000;128.000;600.000;128.000;500.000;4.000;128.000;8.000;6.000;8.000;1.200;5.000;800.000;500;2.849;4.096;4.000.000;150.000;250.000;64.000;30;50;1.000;17.000;8.000.000;160.000;6.000;30.000;4.096;125;1.500;16;2.500;2.500;;0;0;1;10/100/1000. RJ45 console;100;8.000;4.000;100;12;2.000;2.000;4.000;4.000;500;Yes;Yes;24.000;750;256;65.000;6.000;12.000;512;5;12.000;1.024;2.048;200.000;64;32;2.500;21400000000.0;8.000;100.000;;0;4;0/16;0/16;0;;;4x40/100;8.500;125;2.048
PA-5260;4.094;4.094;128.000;10.000;80.000;160.000;4.000;55200000000.0;25;1.024;8.000;63;500.000;6.000;6.416;4.096;225;Yes;250.000;5.000;8;16;2.000;0;6.144;Yes;512.000;512.000;26300000000.0;100.000;100.000;128.000;128.000;900.000;128.000;500.000;5.000;128.000;16.000;8.000;16.000;2.000;10.000;3.200.000;500;2.849;5.120;4.000.000;150.000;250.000;64.000;30;50;1.000;17.000;32.000.000;320.000;8.000;60.000;4.096;225;1.500;16;2.500;2.500;;0;0;1;10/100/1000. RJ45 console;100;16.000;4.000;100;12;2.000;2.000;4.000;5.000;500;Yes;Yes;32.000;750;256;65.000;6.000;12.000;512;5;15.000;1.024;2.048;200.000;64;32;2.500;31400000000.0;16.000;100.000;;0;4;0/16;0/16;0;;;4x40/100;8.500;225;2.048
PA-5280;4.094;4.094;128.000;10.000;80.000;160.000;4.000;55200000000.0;25;1.024;8.000;63;500.000;6.000;6.416;4.096;225;Yes;250.000;5.000;8;16;2.000;0;6.144;Yes;512.000;512.000;26300000000.0;100.000;100.000;128.000;128.000;900.000;128.000;500.000;5.000;128.000;16.000;8.000;16.000;2.000;10.000;6.400.000;500;2.849;5.120;4.000.000;150.000;250.000;64.000;30;50;1.000;17.000;64.000.000;320.000;8.000;60.000;4.096;225;2.000;16;2.500;2.500;;0;0;1;10/100/1000. RJ45 console/Micro USB console;100;16.000;4.000;100;12;2.000;2.000;4.000;5.000;700;Yes;Yes;32.000;750;256;65.000;6.000;12.000;512;5;15.000;1.024;2.048;200.000;64;32;2.500;31400000000.0;16.000;100.000;;0;4;0/16;0/16;0;;;4x40/100;8.500;225;2.048
PA-5410;4.094;4.094;128.000;10.000;40.000;80.000;3.500;43500000000.0;10;1.024;8.000;63;270.000;6.000;6.416;4.096;20;Yes;250.000;3.500;8;8;2.000;undefined;6.144;Yes;512.000;512.000;21000000000.0;100.000;100.000;128.000;128.000;600.000;128.000;500.000;4.000;128.000;4.000;4.000;6.000;600;2.500;360.000;500;2.849;4.800;4M;150.000;250.000;64.000;30;50;1.000;4.000;3.600.000;128.000;4.000;15.000;4.096;20;1.600;14;2.500;2.500;;0;0;1;SFP/SFP+. RJ45 console;100;6.000;4.000;100;12;2.000;1.000;4.000;1.600;800;Yes;Yes;16.000;750;256;30.000;4.000;8.000;512;5;10.000;1.024;2.048;200.000;64;64;2.500;26700000000.0;6.000;100.000;4;0;8;0/12;0/12;4;;;;2.500;20;2.048
PA-5420;4.094;4.094;128.000;10.000;60.000;120.000;4.000;56000000000.0;15;1.024;8.000;63;370.000;6.000;6.416;4.096;75;Yes;250.000;5.000;8;8;2.000;undefined;6.144;Yes;512.000;512.000;28700000000.0;100.000;100.000;128.000;128.000;600.000;128.000;500.000;5.000;128.000;6.000;6.000;6.000;900;3.500;500.000;500;2.849;6.000;4M;150.000;250.000;64.000;30;50;1.000;6.000;5.000.000;256.000;6.000;22.000;4.096;65;2.000;14;2.500;2.500;;0;0;1;SFP/SFP+. RJ45 console;100;6.000;4.000;100;12;2.000;1.000;4.000;2.000;800;Yes;Yes;20.000;750;256;45.000;6.000;10.000;512;5;12.000;1.024;2.048;200.000;64;64;2.500;32000000000.0;6.000;100.000;4;0;8;0/12;0/12;4;;;;6.000;50;2.048
PA-5430;4.094;4.094;128.000;10.000;80.000;160.000;4.000;61000000000.0;25;1.024;8.000;63;380.000;6.000;6.416;4.096;125;Yes;250.000;5.000;8;8;2.000;undefined;6.144;Yes;512.000;512.000;42000000000.0;100.000;100.000;128.000;128.000;600.000;128.000;500.000;5.000;128.000;8.000;6.000;6.000;1.200;5.000;720.000;500;2.849;6.000;4M;150.000;250.000;64.000;30;50;1.000;17.000;7.200.000;320.000;8.000;30.000;4.096;125;2.000;14;2.500;2.500;;0;0;1;SFP/SFP+. RJ45 console;100;6.000;4.000;100;12;2.000;1.000;4.000;2.000;800;Yes;Yes;24.000;750;256;65.000;6.000;12.000;512;5;12.000;1.024;2.048;200.000;64;64;2.500;40000000000.0;6.000;100.000;4;0;8;0/12;0/12;4;;;;8.500;125;2.048
PA-5440;4.094;4.094;128.000;10.000;80.000;160.000;4.000;72000000000.0;25;1.024;8.000;63;390.000;6.000;6.416;4.096;125;Yes;250.000;5.000;8;8;2.000;undefined;6.144;Yes;512.000;512.000;58000000000.0;100.000;100.000;128.000;128.000;600.000;128.000;500.000;8.000;128.000;8.000;6.000;6.000;1.200;10.000;1.200.000;500;2.849;6.000;4M;150.000;250.000;64.000;30;50;1.000;17.000;12.000.000;320.000;8.000;60.000;4.096;125;2.000;14;2.500;2.500;;0;0;1;SFP/SFP+. RJ45 console;100;6.000;4.000;100;12;2.000;1.000;4.000;2.400;800;Yes;Yes;24.000;750;256;65.000;6.000;12.000;512;5;24.000;1.024;2.048;200.000;64;64;2.500;52000000000.0;6.000;100.000;4;0;8;0/12;0/12;4;;;;8.500;125;2.048
PA-5450;4.094;4.094;132.000;10.000;80.000;160.000;4.000;200000000000.0;25;1.024;8.000;63;3.600.000;6.000;6.416;4.096;225;Yes;250.000;5.000;8;8;2.000;0;6.144;Yes;512.000;512.000;85000000000.0;228.000;228.000;132.000;132.000;900.000;132.000;500.000;8.000;132.000;16.000;4.000;16.000;4.000;25.000;10.000.000;500;2.489;5.120;4.000.000;150.000;250.000;64.000;30;undefined;1.000;17.000;100.000.000;320.000;4.000;60.000;1.024;225;2.400;12;2.500;2.500;;0;0;2;SFP/SFP+. RJ45 console;100;16.000;4.000;100;32;2.000;2.000;4.000;24.000;1.000;Yes;Yes;32.000;750;256;65.000;6.000;12.000;512;5;24.000;1.024;2.048;456.000;64;32;2.500;124000000000.0;16.000;100.000;;0;8;0/24;0/24;0;;;4x40/100;8.500;225;2.560
PA-7050;4.094;4.094;32.000/132.000;10.000;80.000;160.000;4.000;384800000000.0;25;1.024;8.000;63;4.000.000;6.000;6.416;4.096;225;Yes;250.000;5.000;8;2;2.000;0;6.144;Yes;512.000;512.000;192200000000.0;32.768/228.000;32.768/228.000;32.000/132.000;32.000/132.000;900.000;32.000/132.000;100000/500000;4.000;32.000/132.000;16.000;4.000;16.000;4.000;10000/25000;786.432/19.2M;500;2.849;4.096/5.120;4.000.000;150.000;250.000;64.000;30;50;500/1.000;17.000;245.000.000;320.000;4.000;40000/60000;1.024;225;2.000;32;2.500;2.500;;2;0;2;10/100/1000. RJ45 console;100;16.000;8.000;100;32;2.000;100/2000;4.000;8.000/12000;700;Yes;Yes;8.192/32.000;750;256;65.000;6.000;12.000;512;5;8.000/12000;1.024;2.048;65.536/456.000;64;32;2.000/2.500;226200000000.0;16.000;100.000;;72;0;72;48;0;;;12;8.500;225;2.048/2.560
PA-7080;4.094;4.094;32.000/132.000;10.000;80.000;160.000;4.000;635000000000.0;25;1.024;8.000;63;6.000.000;6.000;6.416;4.096;225;Yes;250.000;5.000;8;2;2.000;0;6.144;Yes;512.000;512.000;314600000000.0;32.768/228.000;32.768/228.000;32.000/132.000;32.000/132.000;900.000;32.000/132.000;100000/500000;4.000;32.000/132.000;16.000;4.000;16.000;4.000;10000/25000;1.310.720/32M;500;2.849;4.096/5.120;4.000.000;150.000;250.000;64.000;30;50;500/1.000;17.000;416.000.000;320.000;4.000;40000/60000;1.024;225;2.000;32;2.500;2.500;;2;0;2;10/100/1000. RJ45 console;100;16.000;8.000;100;32;2.000;100/2000;4.000;8000/12000;700;Yes;Yes;8.192/32.000;750;256;65.000;6.000;12.000;512;5;8000/12000;1.024;2.048;65.536/456.000;64;32;2.000/2.500;387600000000.0;16.000;100.000;;120;0;120;80;0;;;20;8.500;225;2.048/2.560
PA-820;4.094;4.094;3.000;1.000;250;2.500;100;1500000000.0;1;0;500;31;8.100;6.000;6.416;500;5;Yes;90.000;100;2;2;100;0;2.000;No;128.000;512.000;1400000000.0;10.000;5.000;3.000;3.000;600.000;3.000;1.000;1.000;3.000;2.000;400;3.000;75;200;12.800;500;2.849;1.024;1.000.000;50.000;100.000;64.000;30;50;1.000;30;128.000;128.000;400;1.000;48;0;500;6;2.500;500;;2;0;0;10/100/1000. RJ45/Micro USB console;100;3.000;250;100;12;100;200;1.500;1.000;100;No;Yes;1.000;100;256;1.500;250;1.000;512;5;2.000;1.024;1.024;15.000;64;32;1.000;840000000.0;3.000;25.000;;4;0;0;8;0;;;0;100;5;512
PA-850;4.094;4.094;3.000;1.000;350;3.500;100;1900000000.0;1;0;500;31;13.100;6.000;6.416;500;5;Yes;90.000;150;2;2;250;0;2.000;No;128.000;512.000;1800000000.0;10.000;5.000;3.000;3.000;600.000;3.000;2.500;1.000;3.000;2.000;400;3.000;100;200;19.200;500;2.849;1.024;1.000.000;50.000;100.000;64.000;30;50;1.000;40;192.000;128.000;400;1.000;48;0;500;6;2.500;500;;2;0;0;10/100/1000. RJ45/Micro USB console;100;3.000;500;100;12;250;200;1.500;1.000;100;No;Yes;2.000;150;256;1.500;250;1.000;512;5;2.000;1.024;1.024;15.000;64;32;1.000;1000000000.0;3.000;25.000;;4;0;0/4;4/8;0;;;0;250;5;512
PAN-PA-5400-DPC-A;0;0;132.000;10.000;80.000;160.000;4.000;67200000000.0;-;0;8.000;63;725.000;6.000;6.416;0;0;0;250.000;5.000;0;0;2.000;0;6.144;N/A;512.000;512.000;17000000000.0;0;0;132.000;132.000;900.000;132.000;500.000;0;132.000;0;0;0;4.000;25.000;2.000.000;500;2.489;0;4.000.000;150.000;250.000;0;30;undefined;0;17.000;20.000.000;0;0;0;0;-;0;0;2.500;2.500;;0;0;0;0;100;16.000;0;100;12;2.000;0;0;0;1.000;N/A;N/A;32.000;750;256;65.000;6.000;12.000;512;5;0;0;0;0;64;32;2.500;31000000000.0;0;100.000;;0;0;0;0;0;;;0;8.500;225;-
PAN-PA-7000-100G-NPC-A;4.094;4.094;132.000;10.000;80.000;160.000;4.000;52500000000.0;25;1.024;8.000;63;560.000;6.000;6.416;4.096;225;Yes;250.000;5.000;8;0;2.000;0;6.144;0;512.000;512.000;26300000000.0;32.768/228.000;32.768/228.000;132.000;132.000;900.000;132.000;500.000;4.000;132.000;16.000;4.000;16.000;4.000;25.000;3.200.000;500;2.849;5.120;4.000.000;150.000;250.000;64.000;30;50;1.000;17.000;32.000.000;320.000;4.000;40.000/60000;1.024;225;2.000;32;2.500;2.500;;0;0;0;0;100;16.000;8.000;100;12;2.000;100/2.000;4.000;12.000;700;0;0;32.000;750;256;65.000;6.000;12.000;512;5;12.000;1.024;2.048;65.536/456.000;64;32;2.500;27600000000.0;16.000;100.000;;0;0;0/8;0/8;0;;;4x40/100;8.500;225;2.560
PAN-PA-7000-DPC-A;0;0;0;10.000;80.000;160.000;4.000;70000000000.0;25;0;8.000;0;746.000;6.000;6.416;4.096;225;Yes;250.000;5.000;8;0;2.000;0;6.144;0;512.000;512.000;34900000000.0;0;0;0;0;900.000;0;500.000;4.000;0;16.000;4.000;16.000;4.000;25.000;3.200.000;500;2.849;0;4.000.000;150.000;250.000;64.000;30;0;0;17.000;43.000.000;320.000;4.000;40.000/60000;1.024;225;0;0;2.500;2.500;;0;0;0;0;100;16.000;8.000;100;0;2.000;100/2.000;4.000;12.000;700;0;0;32.000;750;256;65.000;6.000;12.000;512;5;12.000;0;0;0;64;32;2.500;36800000000.0;16.000;100.000;;0;0;0;0;0;;;0;8.500;225;2.560
VM-Series (16 vCPU, 56 GB);4.094;4.094;128.000;10.000;4.000;40.000;2.000;24000000000.0;1;1.024;2.000;63;120.000;6.000;6.416;500;125;Yes;250.000;2.000;8;2;1.000;0;2.000;Yes;512.000;512.000;5000000000.0;100.000;100.000;128.000;128.000;600.000;128.000;300.000;2.000;128.000;8.000;2.000;8.000;1.000;2.500;100.000;500;2.849;4.096;2.000.000;50.000;100.000;64.000;30;50;1.000;200;10.000.000;160.000;2.000;12.000;4.096;0;1.000;0;2.500;500;;0;0;0;0;100;15.000;4.000;100;12;2.000;1.000;4.000;2.000;300;Yes;Yes;8.000;750;256;20.000;250;5.000;512;5;8.000;1.024;0;100.000;32;32;2.500;12000000000.0;8.000;100.000;;0;0;0;0;0;;;0;2.000;125;12
VM-Series (2 vCPU, 4.5 GB);4.094;4.094;1.500;1.000;100;2.000;100;3000000000.0;1;0;10;31;3.000;6.000;3.208;500;3;Yes;90.000;100;2;2;100;0;2.000;Yes;64.000;512.000;100000000.0;1.000;1.000;500;1.500;100.000;1.500;1.000;25;1.500;160;160;160;1.000;40;1.024;500;2.849;512;50.000;50.000;50.000;64.000;30;50;500;15;50.000;16.000;200;25;32;0;0;0;2.500;500;;0;0;0;0;100;400;100;100;6;100;100;500;0;0;No;Yes;128;38;256;200;250;1.000;512;5;25;1.024;0;1.000;32;32;400;1500000000.0;160;25.000;;0;0;0;0;0;;;0;100;3;2
VM-Series (2 vCPU, 5.5 GB);4.094;4.094;1.500;1.000;125;2.500;100;3000000000.0;1;0;10;31;3.000;6.000;6.416;500;3;Yes;90.000;100;2;2;100;0;2.000;Yes;64.000;512.000;100000000.0;2.500;2.500;500;1.500;100.000;1.500;1.000;250;1.500;400;200;400;1.000;40;1.024;500;2.849;512;50.000;50.000;50.000;64.000;30;50;500;15;64.000;16.000;200;250;32;0;150;0;2.500;500;;0;0;0;0;100;400;100;100;6;100;100;500;250;100;No;Yes;128;38;256;250;250;1.000;512;5;250;1.024;0;2.500;32;32;400;1500000000.0;400;25.000;;0;0;0;0;0;;;0;100;3;4
VM-Series (2 vCPU, 6.5 GB);4.094;4.094;2.500;1.000;1.000;10.000;1.000;3000000000.0;1;128;1.000;31;15.000;6.000;6.416;500;3;Yes;90.000;1.000;2;2;1.000;0;2.000;Yes;64.000;512.000;1000000000.0;5.000;5.000;2.500;2.500;100.000;2.500;2.500;1.000;2.500;2.000;400;3.000;1.000;100;6.400;500;2.849;2.048;50.000;50.000;50.000;64.000;30;50;500;40;250.000;128.000;400;500;128;0;300;0;2.500;500;;0;0;0;0;100;3.000;500;100;6;100;100;2.000;1.000;100;No;Yes;128;375;256;1.500;500;2.000;512;5;1.000;1.024;0;5.000;32;32;400;1500000000.0;3.000;25.000;;0;0;0;0;0;;;0;100;3;12
VM-Series (22 vCPU, 56 GB);4.094;4.094;128.000;10.000;4.000;40.000;2.000;28000000000.0;1;1.024;2.000;63;120.000;6.000;6.416;500;125;Yes;250.000;2.000;8;2;1.000;0;2.000;Yes;512.000;512.000;6000000000.0;100.000;100.000;128.000;128.000;600.000;128.000;300.000;2.000;128.000;8.000;2.000;8.000;1.000;2.500;100.000;500;2.849;4.096;2.000.000;50.000;100.000;64.000;30;50;1.000;200;10.000.000;160.000;2.000;12.000;4.096;0;1.000;0;2.500;500;;0;0;0;0;100;15.000;4.000;100;12;2.000;1.000;4.000;2.000;300;Yes;Yes;8.000;750;256;20.000;250;5.000;512;5;8.000;1.024;0;100.000;32;32;2.500;14000000000.0;8.000;100.000;;0;0;0;0;0;;;0;2.000;125;12
VM-Series (4 vCPU, 9 GB);4.094;4.094;10.000;1.000;1.000;10.000;1.000;6000000000.0;1;512;1.000;31;30.000;6.000;6.416;500;10;Yes;90.000;1.000;2;2;1.000;0;2.000;Yes;64.000;512.000;1800000000.0;10.000;10.000;10.000;5.000;100.000;10.000;200.000;1.000;5.000;3.000;800;5.000;1.000;400;15.000;500;2.849;2.048;500.000;50.000;100.000;64.000;30;50;500;40;819.200;128.000;800;2.000;128;0;500;0;2.500;500;;0;0;0;0;100;5.000;1.000;100;6;500;100;2.000;1.000;100;Yes;Yes;2.000;375;256;10.000;500;2.000;512;5;2.000;1.024;0;10.000;32;32;400;3000000000.0;5.000;25.000;;0;0;0;0;0;;;0;500;10;12
VM-Series (8 vCPU, 16 GB);4.094;4.094;32.000;10.000;2.500;20.000;1.000;12000000000.0;1;1.024;1.000;63;60.000;6.000;6.416;500;20;Yes;90.000;1.000;8;2;1.000;0;2.000;Yes;512.000;512.000;3800000000.0;32.000;32.000;32.000;32.000;100.000;32.000;300.000;1.000;32.000;8.000;2.000;8.000;1.000;1.200;50.000;500;2.849;4.096;2.000.000;50.000;100.000;64.000;30;50;1.000;200;2.000.000;160.000;2.000;6.000;1.024;0;1.000;0;2.500;500;;0;0;0;0;100;8.000;2.000;100;12;500;1.000;4.000;1.000;300;Yes;Yes;4.000;750;256;10.000;250;2.000;512;5;4.000;1.024;0;32.000;32;32;2.000;6000000000.0;8.000;25.000;;0;0;0;0;0;;;0;500;20;12
